BookingID,FlightID,PassengerID,TicketClass,BookingDate,Fare
B00000,F00423,P00000,First,2025-04-29 07:21:00,1525.07
B00001,F00266,P00001,Business,2025-04-29 07:22:00,1820.04
B00002,F00342,P00002,First,2025-04-29 07:23:00,1942.19
B00003,F00730,P00003,Business,2025-04-29 07:24:00,353.04
B00004,F00610,P00004,Business,2025-04-29 07:25:00,306.26
B00005,F00574,P00005,Economy,2025-04-29 07:26:00,562.25
B00006,F00537,P00006,Economy,2025-04-29 07:27:00,1827.43
B00007,F00640,P00007,First,2025-04-29 07:28:00,500.13
B00008,F00266,P00008,Business,2025-04-29 07:29:00,580.27
B00009,F00871,P00009,Business,2025-04-29 07:30:00,191.73
B00010,F00110,P00010,Business,2025-04-29 07:31:00,303.25
B00011,F00983,P00011,Business,2025-04-29 07:32:00,381.68
B00012,F00568,P00012,Economy,2025-04-29 07:33:00,1963.81
B00013,F00960,P00013,First,2025-04-29 07:34:00,1778.62
B00014,F00570,P00014,Economy,2025-04-29 07:35:00,599.91
B00015,F00828,P00015,Economy,2025-04-29 07:36:00,355.92
B00016,F00057,P00016,Economy,2025-04-29 07:37:00,311.6
B00017,F00030,P00017,Business,2025-04-29 07:38:00,481.69
B00018,F00349,P00018,First,2025-04-29 07:39:00,1275.59
B00019,F00746,P00019,Economy,2025-04-29 07:40:00,571.98
B00020,F00434,P00020,Economy,2025-04-29 07:41:00,349.71
B00021,F00621,P00021,Business,2025-04-29 07:42:00,475.08
B00022,F00495,P00022,Business,2025-04-29 07:43:00,1758.8
B00023,F00813,P00023,First,2025-04-29 07:44:00,1284.52
B00024,F00325,P00024,Economy,2025-04-29 07:45:00,295.23
B00025,F00911,P00025,Economy,2025-04-29 07:46:00,788.73
B00026,F00685,P00026,Business,2025-04-29 07:47:00,1134.66
B00027,F00601,P00027,Economy,2025-04-29 07:48:00,102.6
B00028,F00820,P00028,Economy,2025-04-29 07:49:00,1325.13
B00029,F00234,P00029,Business,2025-04-29 07:50:00,1184.99
B00030,F00122,P00030,First,2025-04-29 07:51:00,342.87
B00031,F00435,P00031,Economy,2025-04-29 07:52:00,1225.34
B00032,F00431,P00032,Economy,2025-04-29 07:53:00,349.46
B00033,F00972,P00033,Economy,2025-04-29 07:54:00,841.41
B00034,F00683,P00034,Business,2025-04-29 07:55:00,800.15
B00035,F00085,P00035,Economy,2025-04-29 07:56:00,1108.2
B00036,F00606,P00036,Business,2025-04-29 07:57:00,477.21
B00037,F00893,P00037,Economy,2025-04-29 07:58:00,1461.71
B00038,F00256,P00038,Economy,2025-04-29 07:59:00,487.96
B00039,F00891,P00039,Economy,2025-04-29 08:00:00,781.36
B00040,F00786,P00040,First,2025-04-29 08:01:00,1274.19
B00041,F00558,P00041,Economy,2025-04-29 08:02:00,1644.86
B00042,F00352,P00042,First,2025-04-29 08:03:00,1863.57
B00043,F00909,P00043,First,2025-04-29 08:04:00,1572.48
B00044,F00741,P00044,Economy,2025-04-29 08:05:00,1950.3
B00045,F00825,P00045,Economy,2025-04-29 08:06:00,1395.67
B00046,F00153,P00046,Business,2025-04-29 08:07:00,981.6
B00047,F00041,P00047,Business,2025-04-29 08:08:00,1127.31
B00048,F00009,P00048,Business,2025-04-29 08:09:00,482.54
B00049,F00129,P00049,Economy,2025-04-29 08:10:00,1696.51
B00050,F00395,P00050,First,2025-04-29 08:11:00,154.13
B00051,F00843,P00051,Economy,2025-04-29 08:12:00,1669.91
B00052,F00373,P00052,Economy,2025-04-29 08:13:00,1748.72
B00053,F00830,P00053,First,2025-04-29 08:14:00,1549.1
B00054,F00028,P00054,First,2025-04-29 08:15:00,1158.02
B00055,F00381,P00055,Economy,2025-04-29 08:16:00,1793.49
B00056,F00829,P00056,Economy,2025-04-29 08:17:00,1900.22
B00057,F00342,P00057,First,2025-04-29 08:18:00,1813.55
B00058,F00528,P00058,Economy,2025-04-29 08:19:00,1560.72
B00059,F00606,P00059,Business,2025-04-29 08:20:00,1894.69
B00060,F00999,P00060,Business,2025-04-29 08:21:00,683.94
B00061,F00941,P00061,Economy,2025-04-29 08:22:00,1120.73
B00062,F00853,P00062,Business,2025-04-29 08:23:00,527.99
B00063,F00863,P00063,Business,2025-04-29 08:24:00,131.81
B00064,F00827,P00064,Economy,2025-04-29 08:25:00,319.16
B00065,F00606,P00065,First,2025-04-29 08:26:00,1453.58
B00066,F00408,P00066,Economy,2025-04-29 08:27:00,947.78
B00067,F00552,P00067,Economy,2025-04-29 08:28:00,1220.78
B00068,F00966,P00068,Business,2025-04-29 08:29:00,1888.66
B00069,F00934,P00069,First,2025-04-29 08:30:00,113.61
B00070,F00730,P00070,Business,2025-04-29 08:31:00,1264.66
B00071,F00113,P00071,First,2025-04-29 08:32:00,613.31
B00072,F00107,P00072,First,2025-04-29 08:33:00,273.43
B00073,F00632,P00073,First,2025-04-29 08:34:00,1228.47
B00074,F00567,P00074,Economy,2025-04-29 08:35:00,1811.7
B00075,F00197,P00075,First,2025-04-29 08:36:00,1779.77
B00076,F00216,P00076,First,2025-04-29 08:37:00,1893.01
B00077,F00330,P00077,First,2025-04-29 08:38:00,383.78
B00078,F00657,P00078,First,2025-04-29 08:39:00,203.94
B00079,F00568,P00079,Economy,2025-04-29 08:40:00,587.89
B00080,F00412,P00080,First,2025-04-29 08:41:00,1486.44
B00081,F00147,P00081,First,2025-04-29 08:42:00,1854.7
B00082,F00042,P00082,Business,2025-04-29 08:43:00,1661.02
B00083,F00898,P00083,First,2025-04-29 08:44:00,1964.73
B00084,F00921,P00084,Economy,2025-04-29 08:45:00,1635.99
B00085,F00085,P00085,Economy,2025-04-29 08:46:00,1258.47
B00086,F00941,P00086,Economy,2025-04-29 08:47:00,1595.15
B00087,F00033,P00087,Business,2025-04-29 08:48:00,1294.69
B00088,F00652,P00088,Economy,2025-04-29 08:49:00,694.5
B00089,F00362,P00089,Economy,2025-04-29 08:50:00,1248.39
B00090,F00212,P00090,Business,2025-04-29 08:51:00,1599.75
B00091,F00901,P00091,Business,2025-04-29 08:52:00,980.63
B00092,F00421,P00092,Business,2025-04-29 08:53:00,1110.71
B00093,F00583,P00093,First,2025-04-29 08:54:00,1380.13
B00094,F00711,P00094,Business,2025-04-29 08:55:00,1255.02
B00095,F00661,P00095,First,2025-04-29 08:56:00,1026.18
B00096,F00118,P00096,Economy,2025-04-29 08:57:00,1690.85
B00097,F00421,P00097,Economy,2025-04-29 08:58:00,650.58
B00098,F00212,P00098,Business,2025-04-29 08:59:00,1262.43
B00099,F00346,P00099,Business,2025-04-29 09:00:00,553.38
B00100,F00092,P00100,Economy,2025-04-29 09:01:00,765.76
B00101,F00105,P00101,Economy,2025-04-29 09:02:00,710.53
B00102,F00956,P00102,Economy,2025-04-29 09:03:00,897.31
B00103,F00743,P00103,Business,2025-04-29 09:04:00,850.54
B00104,F00773,P00104,First,2025-04-29 09:05:00,1631.52
B00105,F00802,P00105,Economy,2025-04-29 09:06:00,609.28
B00106,F00140,P00106,First,2025-04-29 09:07:00,1927.05
B00107,F00279,P00107,Business,2025-04-29 09:08:00,1249.81
B00108,F00241,P00108,First,2025-04-29 09:09:00,505.76
B00109,F00946,P00109,First,2025-04-29 09:10:00,667.91
B00110,F00673,P00110,First,2025-04-29 09:11:00,1232.63
B00111,F00752,P00111,First,2025-04-29 09:12:00,122.77
B00112,F00997,P00112,Business,2025-04-29 09:13:00,863.72
B00113,F00175,P00113,Economy,2025-04-29 09:14:00,1992.74
B00114,F00220,P00114,Economy,2025-04-29 09:15:00,570.93
B00115,F00934,P00115,Economy,2025-04-29 09:16:00,175.83
B00116,F00868,P00116,Economy,2025-04-29 09:17:00,437.71
B00117,F00393,P00117,Economy,2025-04-29 09:18:00,959.97
B00118,F00445,P00118,Economy,2025-04-29 09:19:00,1230.92
B00119,F00203,P00119,Business,2025-04-29 09:20:00,1683.94
B00120,F00878,P00120,Economy,2025-04-29 09:21:00,1693.41
B00121,F00208,P00121,First,2025-04-29 09:22:00,1484.71
B00122,F00011,P00122,First,2025-04-29 09:23:00,723.88
B00123,F00983,P00123,First,2025-04-29 09:24:00,1343.48
B00124,F00534,P00124,First,2025-04-29 09:25:00,1053.38
B00125,F00287,P00125,Economy,2025-04-29 09:26:00,1569.45
B00126,F00428,P00126,Business,2025-04-29 09:27:00,1074.43
B00127,F00731,P00127,Business,2025-04-29 09:28:00,518.17
B00128,F00806,P00128,Business,2025-04-29 09:29:00,601.24
B00129,F00220,P00129,Economy,2025-04-29 09:30:00,1705.26
B00130,F00984,P00130,Economy,2025-04-29 09:31:00,1195.33
B00131,F00521,P00131,Business,2025-04-29 09:32:00,1958.97
B00132,F00104,P00132,Economy,2025-04-29 09:33:00,1610.11
B00133,F00831,P00133,Business,2025-04-29 09:34:00,584.9
B00134,F00771,P00134,Business,2025-04-29 09:35:00,1431.61
B00135,F00630,P00135,First,2025-04-29 09:36:00,731.38
B00136,F00371,P00136,First,2025-04-29 09:37:00,1644.71
B00137,F00871,P00137,First,2025-04-29 09:38:00,655.39
B00138,F00902,P00138,First,2025-04-29 09:39:00,1771.75
B00139,F00649,P00139,First,2025-04-29 09:40:00,1021.9
B00140,F00884,P00140,Economy,2025-04-29 09:41:00,1429.81
B00141,F00340,P00141,Economy,2025-04-29 09:42:00,892.29
B00142,F00257,P00142,First,2025-04-29 09:43:00,1954.87
B00143,F00521,P00143,Economy,2025-04-29 09:44:00,433.86
B00144,F00239,P00144,Business,2025-04-29 09:45:00,1972.0
B00145,F00510,P00145,Business,2025-04-29 09:46:00,1389.66
B00146,F00593,P00146,Business,2025-04-29 09:47:00,496.75
B00147,F00217,P00147,Business,2025-04-29 09:48:00,1735.89
B00148,F00579,P00148,Economy,2025-04-29 09:49:00,1336.36
B00149,F00052,P00149,Economy,2025-04-29 09:50:00,1989.94
B00150,F00579,P00150,Business,2025-04-29 09:51:00,940.73
B00151,F00927,P00151,Business,2025-04-29 09:52:00,937.82
B00152,F00676,P00152,Business,2025-04-29 09:53:00,1275.09
B00153,F00110,P00153,Business,2025-04-29 09:54:00,1577.63
B00154,F00271,P00154,Economy,2025-04-29 09:55:00,499.77
B00155,F00442,P00155,Economy,2025-04-29 09:56:00,1129.67
B00156,F00656,P00156,Business,2025-04-29 09:57:00,1713.67
B00157,F00103,P00157,Business,2025-04-29 09:58:00,279.79
B00158,F00800,P00158,Economy,2025-04-29 09:59:00,512.15
B00159,F00038,P00159,Economy,2025-04-29 10:00:00,1007.53
B00160,F00102,P00160,Economy,2025-04-29 10:01:00,1859.81
B00161,F00335,P00161,Business,2025-04-29 10:02:00,1532.24
B00162,F00338,P00162,Business,2025-04-29 10:03:00,1681.51
B00163,F00117,P00163,First,2025-04-29 10:04:00,142.13
B00164,F00636,P00164,First,2025-04-29 10:05:00,1874.15
B00165,F00289,P00165,Economy,2025-04-29 10:06:00,1390.74
B00166,F00990,P00166,Economy,2025-04-29 10:07:00,1428.73
B00167,F00100,P00167,Economy,2025-04-29 10:08:00,544.57
B00168,F00246,P00168,First,2025-04-29 10:09:00,1152.53
B00169,F00895,P00169,First,2025-04-29 10:10:00,1334.47
B00170,F00806,P00170,Economy,2025-04-29 10:11:00,709.38
B00171,F00310,P00171,First,2025-04-29 10:12:00,280.47
B00172,F00807,P00172,Economy,2025-04-29 10:13:00,1017.08
B00173,F00584,P00173,Business,2025-04-29 10:14:00,1469.06
B00174,F00066,P00174,First,2025-04-29 10:15:00,986.97
B00175,F00099,P00175,First,2025-04-29 10:16:00,1950.83
B00176,F00400,P00176,Business,2025-04-29 10:17:00,688.1
B00177,F00491,P00177,Economy,2025-04-29 10:18:00,1345.67
B00178,F00152,P00178,First,2025-04-29 10:19:00,1911.6
B00179,F00928,P00179,Business,2025-04-29 10:20:00,998.9
B00180,F00332,P00180,Economy,2025-04-29 10:21:00,1279.59
B00181,F00230,P00181,Business,2025-04-29 10:22:00,341.71
B00182,F00133,P00182,First,2025-04-29 10:23:00,1125.32
B00183,F00243,P00183,First,2025-04-29 10:24:00,1961.96
B00184,F00141,P00184,Economy,2025-04-29 10:25:00,193.98
B00185,F00040,P00185,Business,2025-04-29 10:26:00,1176.62
B00186,F00731,P00186,First,2025-04-29 10:27:00,1925.72
B00187,F00583,P00187,Economy,2025-04-29 10:28:00,1932.25
B00188,F00055,P00188,Business,2025-04-29 10:29:00,530.76
B00189,F00478,P00189,Economy,2025-04-29 10:30:00,165.76
B00190,F00488,P00190,Business,2025-04-29 10:31:00,308.48
B00191,F00560,P00191,First,2025-04-29 10:32:00,740.12
B00192,F00565,P00192,Business,2025-04-29 10:33:00,890.89
B00193,F00240,P00193,Business,2025-04-29 10:34:00,370.87
B00194,F00434,P00194,First,2025-04-29 10:35:00,829.19
B00195,F00889,P00195,First,2025-04-29 10:36:00,344.82
B00196,F00253,P00196,First,2025-04-29 10:37:00,400.42
B00197,F00222,P00197,First,2025-04-29 10:38:00,172.23
B00198,F00638,P00198,Economy,2025-04-29 10:39:00,976.4
B00199,F00835,P00199,Business,2025-04-29 10:40:00,1349.75
B00200,F00099,P00200,First,2025-04-29 10:41:00,315.91
B00201,F00340,P00201,First,2025-04-29 10:42:00,1399.46
B00202,F00178,P00202,Economy,2025-04-29 10:43:00,725.72
B00203,F00733,P00203,Business,2025-04-29 10:44:00,1235.31
B00204,F00302,P00204,Business,2025-04-29 10:45:00,1490.82
B00205,F00104,P00205,Business,2025-04-29 10:46:00,665.06
B00206,F00459,P00206,Business,2025-04-29 10:47:00,1924.95
B00207,F00461,P00207,Economy,2025-04-29 10:48:00,1095.37
B00208,F00206,P00208,Economy,2025-04-29 10:49:00,596.61
B00209,F00964,P00209,Business,2025-04-29 10:50:00,254.08
B00210,F00664,P00210,Business,2025-04-29 10:51:00,315.3
B00211,F00487,P00211,Business,2025-04-29 10:52:00,1110.11
B00212,F00268,P00212,First,2025-04-29 10:53:00,1520.23
B00213,F00804,P00213,First,2025-04-29 10:54:00,1755.03
B00214,F00490,P00214,Business,2025-04-29 10:55:00,681.09
B00215,F00195,P00215,First,2025-04-29 10:56:00,297.87
B00216,F00824,P00216,First,2025-04-29 10:57:00,486.5
B00217,F00463,P00217,First,2025-04-29 10:58:00,789.73
B00218,F00685,P00218,Economy,2025-04-29 10:59:00,1775.48
B00219,F00163,P00219,Economy,2025-04-29 11:00:00,440.34
B00220,F00617,P00220,Economy,2025-04-29 11:01:00,1629.13
B00221,F00219,P00221,Business,2025-04-29 11:02:00,539.4
B00222,F00852,P00222,Economy,2025-04-29 11:03:00,468.57
B00223,F00583,P00223,Economy,2025-04-29 11:04:00,1316.83
B00224,F00413,P00224,Economy,2025-04-29 11:05:00,1542.6
B00225,F00359,P00225,Economy,2025-04-29 11:06:00,203.92
B00226,F00440,P00226,Business,2025-04-29 11:07:00,819.12
B00227,F00268,P00227,Business,2025-04-29 11:08:00,649.82
B00228,F00399,P00228,First,2025-04-29 11:09:00,611.83
B00229,F00171,P00229,Economy,2025-04-29 11:10:00,1290.08
B00230,F00134,P00230,Economy,2025-04-29 11:11:00,100.78
B00231,F00742,P00231,First,2025-04-29 11:12:00,1875.14
B00232,F00610,P00232,First,2025-04-29 11:13:00,1907.26
B00233,F00554,P00233,First,2025-04-29 11:14:00,351.67
B00234,F00501,P00234,Economy,2025-04-29 11:15:00,1788.55
B00235,F00112,P00235,Business,2025-04-29 11:16:00,101.51
B00236,F00817,P00236,Economy,2025-04-29 11:17:00,1474.08
B00237,F00240,P00237,Economy,2025-04-29 11:18:00,1217.36
B00238,F00623,P00238,Business,2025-04-29 11:19:00,1286.79
B00239,F00925,P00239,Business,2025-04-29 11:20:00,647.47
B00240,F00353,P00240,Business,2025-04-29 11:21:00,1357.96
B00241,F00698,P00241,Business,2025-04-29 11:22:00,404.96
B00242,F00879,P00242,Business,2025-04-29 11:23:00,1024.12
B00243,F00579,P00243,Business,2025-04-29 11:24:00,171.31
B00244,F00283,P00244,Business,2025-04-29 11:25:00,1346.83
B00245,F00007,P00245,Business,2025-04-29 11:26:00,1231.93
B00246,F00312,P00246,First,2025-04-29 11:27:00,691.33
B00247,F00456,P00247,Economy,2025-04-29 11:28:00,1153.79
B00248,F00890,P00248,Business,2025-04-29 11:29:00,553.43
B00249,F00992,P00249,First,2025-04-29 11:30:00,1461.62
B00250,F00908,P00250,Economy,2025-04-29 11:31:00,1782.55
B00251,F00216,P00251,First,2025-04-29 11:32:00,779.37
B00252,F00404,P00252,Business,2025-04-29 11:33:00,1620.82
B00253,F00230,P00253,Economy,2025-04-29 11:34:00,1686.83
B00254,F00296,P00254,Business,2025-04-29 11:35:00,391.61
B00255,F00593,P00255,First,2025-04-29 11:36:00,631.4
B00256,F00322,P00256,First,2025-04-29 11:37:00,1006.35
B00257,F00025,P00257,Business,2025-04-29 11:38:00,949.11
B00258,F00368,P00258,Business,2025-04-29 11:39:00,466.04
B00259,F00834,P00259,Economy,2025-04-29 11:40:00,492.04
B00260,F00035,P00260,Economy,2025-04-29 11:41:00,977.48
B00261,F00436,P00261,First,2025-04-29 11:42:00,1594.03
B00262,F00949,P00262,Economy,2025-04-29 11:43:00,410.36
B00263,F00748,P00263,First,2025-04-29 11:44:00,522.88
B00264,F00769,P00264,Business,2025-04-29 11:45:00,917.86
B00265,F00025,P00265,Business,2025-04-29 11:46:00,626.55
B00266,F00585,P00266,First,2025-04-29 11:47:00,514.06
B00267,F00813,P00267,Economy,2025-04-29 11:48:00,1332.51
B00268,F00640,P00268,Economy,2025-04-29 11:49:00,978.48
B00269,F00561,P00269,First,2025-04-29 11:50:00,351.56
B00270,F00809,P00270,Business,2025-04-29 11:51:00,921.73
B00271,F00022,P00271,Business,2025-04-29 11:52:00,952.96
B00272,F00767,P00272,First,2025-04-29 11:53:00,1484.0
B00273,F00049,P00273,Economy,2025-04-29 11:54:00,1797.14
B00274,F00054,P00274,Economy,2025-04-29 11:55:00,196.74
B00275,F00416,P00275,First,2025-04-29 11:56:00,1181.39
B00276,F00978,P00276,Business,2025-04-29 11:57:00,1514.29
B00277,F00638,P00277,First,2025-04-29 11:58:00,1350.36
B00278,F00307,P00278,First,2025-04-29 11:59:00,1195.53
B00279,F00463,P00279,First,2025-04-29 12:00:00,189.37
B00280,F00339,P00280,First,2025-04-29 12:01:00,1281.67
B00281,F00659,P00281,Economy,2025-04-29 12:02:00,1879.24
B00282,F00026,P00282,Economy,2025-04-29 12:03:00,152.78
B00283,F00922,P00283,Business,2025-04-29 12:04:00,1234.22
B00284,F00569,P00284,Business,2025-04-29 12:05:00,1796.23
B00285,F00391,P00285,Economy,2025-04-29 12:06:00,230.82
B00286,F00108,P00286,Economy,2025-04-29 12:07:00,160.49
B00287,F00430,P00287,Economy,2025-04-29 12:08:00,731.52
B00288,F00280,P00288,Economy,2025-04-29 12:09:00,142.45
B00289,F00814,P00289,Economy,2025-04-29 12:10:00,668.55
B00290,F00754,P00290,First,2025-04-29 12:11:00,844.11
B00291,F00044,P00291,First,2025-04-29 12:12:00,820.41
B00292,F00819,P00292,Economy,2025-04-29 12:13:00,1500.64
B00293,F00347,P00293,Business,2025-04-29 12:14:00,1527.2
B00294,F00045,P00294,Business,2025-04-29 12:15:00,1417.82
B00295,F00063,P00295,Economy,2025-04-29 12:16:00,1701.43
B00296,F00357,P00296,Business,2025-04-29 12:17:00,572.58
B00297,F00669,P00297,First,2025-04-29 12:18:00,1751.22
B00298,F00823,P00298,Business,2025-04-29 12:19:00,942.49
B00299,F00690,P00299,First,2025-04-29 12:20:00,1773.89
B00300,F00783,P00300,Economy,2025-04-29 12:21:00,696.73
B00301,F00679,P00301,Business,2025-04-29 12:22:00,958.62
B00302,F00121,P00302,First,2025-04-29 12:23:00,1976.46
B00303,F00635,P00303,Economy,2025-04-29 12:24:00,381.16
B00304,F00706,P00304,Business,2025-04-29 12:25:00,1181.67
B00305,F00763,P00305,Economy,2025-04-29 12:26:00,1497.07
B00306,F00892,P00306,Business,2025-04-29 12:27:00,636.69
B00307,F00014,P00307,Economy,2025-04-29 12:28:00,1277.99
B00308,F00897,P00308,First,2025-04-29 12:29:00,320.33
B00309,F00645,P00309,First,2025-04-29 12:30:00,1595.12
B00310,F00538,P00310,Business,2025-04-29 12:31:00,1971.06
B00311,F00645,P00311,First,2025-04-29 12:32:00,571.79
B00312,F00100,P00312,First,2025-04-29 12:33:00,1050.54
B00313,F00854,P00313,Economy,2025-04-29 12:34:00,1560.83
B00314,F00586,P00314,First,2025-04-29 12:35:00,879.61
B00315,F00772,P00315,Business,2025-04-29 12:36:00,1187.92
B00316,F00553,P00316,Business,2025-04-29 12:37:00,1560.17
B00317,F00035,P00317,First,2025-04-29 12:38:00,1763.91
B00318,F00217,P00318,First,2025-04-29 12:39:00,1036.2
B00319,F00606,P00319,First,2025-04-29 12:40:00,312.51
B00320,F00594,P00320,Business,2025-04-29 12:41:00,359.08
B00321,F00421,P00321,Economy,2025-04-29 12:42:00,586.36
B00322,F00847,P00322,Business,2025-04-29 12:43:00,1775.51
B00323,F00286,P00323,Economy,2025-04-29 12:44:00,1625.33
B00324,F00103,P00324,Economy,2025-04-29 12:45:00,554.82
B00325,F00110,P00325,Business,2025-04-29 12:46:00,763.41
B00326,F00185,P00326,Business,2025-04-29 12:47:00,1398.3
B00327,F00124,P00327,First,2025-04-29 12:48:00,521.26
B00328,F00883,P00328,Economy,2025-04-29 12:49:00,1912.15
B00329,F00159,P00329,Economy,2025-04-29 12:50:00,546.22
B00330,F00567,P00330,First,2025-04-29 12:51:00,186.29
B00331,F00244,P00331,Economy,2025-04-29 12:52:00,1705.73
B00332,F00236,P00332,First,2025-04-29 12:53:00,1369.14
B00333,F00494,P00333,Economy,2025-04-29 12:54:00,1134.31
B00334,F00940,P00334,Business,2025-04-29 12:55:00,1689.03
B00335,F00619,P00335,Economy,2025-04-29 12:56:00,430.82
B00336,F00935,P00336,Business,2025-04-29 12:57:00,990.68
B00337,F00266,P00337,Economy,2025-04-29 12:58:00,486.16
B00338,F00409,P00338,Business,2025-04-29 12:59:00,950.1
B00339,F00209,P00339,First,2025-04-29 13:00:00,830.17
B00340,F00052,P00340,First,2025-04-29 13:01:00,673.93
B00341,F00534,P00341,Business,2025-04-29 13:02:00,531.46
B00342,F00542,P00342,First,2025-04-29 13:03:00,1080.39
B00343,F00499,P00343,Business,2025-04-29 13:04:00,979.14
B00344,F00871,P00344,Economy,2025-04-29 13:05:00,887.96
B00345,F00076,P00345,First,2025-04-29 13:06:00,1726.78
B00346,F00892,P00346,Economy,2025-04-29 13:07:00,617.53
B00347,F00233,P00347,First,2025-04-29 13:08:00,263.36
B00348,F00133,P00348,Economy,2025-04-29 13:09:00,1554.81
B00349,F00403,P00349,Economy,2025-04-29 13:10:00,1322.98
B00350,F00707,P00350,First,2025-04-29 13:11:00,530.39
B00351,F00956,P00351,Economy,2025-04-29 13:12:00,1113.34
B00352,F00675,P00352,Business,2025-04-29 13:13:00,211.64
B00353,F00469,P00353,Economy,2025-04-29 13:14:00,452.58
B00354,F00067,P00354,Business,2025-04-29 13:15:00,1519.05
B00355,F00252,P00355,Economy,2025-04-29 13:16:00,346.01
B00356,F00233,P00356,Economy,2025-04-29 13:17:00,552.27
B00357,F00894,P00357,First,2025-04-29 13:18:00,474.29
B00358,F00783,P00358,Economy,2025-04-29 13:19:00,160.06
B00359,F00121,P00359,First,2025-04-29 13:20:00,764.12
B00360,F00159,P00360,Business,2025-04-29 13:21:00,1014.06
B00361,F00444,P00361,Business,2025-04-29 13:22:00,1921.36
B00362,F00893,P00362,Business,2025-04-29 13:23:00,725.5
B00363,F00688,P00363,Business,2025-04-29 13:24:00,738.26
B00364,F00502,P00364,First,2025-04-29 13:25:00,262.26
B00365,F00430,P00365,Business,2025-04-29 13:26:00,1307.43
B00366,F00262,P00366,Business,2025-04-29 13:27:00,1786.46
B00367,F00623,P00367,First,2025-04-29 13:28:00,1410.68
B00368,F00831,P00368,First,2025-04-29 13:29:00,1030.99
B00369,F00196,P00369,First,2025-04-29 13:30:00,1274.21
B00370,F00562,P00370,First,2025-04-29 13:31:00,704.52
B00371,F00037,P00371,First,2025-04-29 13:32:00,766.02
B00372,F00565,P00372,Economy,2025-04-29 13:33:00,919.4
B00373,F00714,P00373,Economy,2025-04-29 13:34:00,1991.41
B00374,F00680,P00374,First,2025-04-29 13:35:00,328.65
B00375,F00399,P00375,First,2025-04-29 13:36:00,130.23
B00376,F00158,P00376,First,2025-04-29 13:37:00,1112.21
B00377,F00717,P00377,First,2025-04-29 13:38:00,797.16
B00378,F00505,P00378,First,2025-04-29 13:39:00,1787.97
B00379,F00759,P00379,Economy,2025-04-29 13:40:00,146.45
B00380,F00586,P00380,Business,2025-04-29 13:41:00,1163.42
B00381,F00828,P00381,Business,2025-04-29 13:42:00,1350.83
B00382,F00142,P00382,Business,2025-04-29 13:43:00,909.53
B00383,F00049,P00383,Business,2025-04-29 13:44:00,652.82
B00384,F00897,P00384,Business,2025-04-29 13:45:00,711.75
B00385,F00314,P00385,Economy,2025-04-29 13:46:00,212.8
B00386,F00395,P00386,Economy,2025-04-29 13:47:00,1986.88
B00387,F00596,P00387,Economy,2025-04-29 13:48:00,619.01
B00388,F00491,P00388,First,2025-04-29 13:49:00,1991.36
B00389,F00682,P00389,First,2025-04-29 13:50:00,727.35
B00390,F00467,P00390,Business,2025-04-29 13:51:00,1598.22
B00391,F00610,P00391,Business,2025-04-29 13:52:00,720.33
B00392,F00760,P00392,Business,2025-04-29 13:53:00,256.27
B00393,F00822,P00393,Economy,2025-04-29 13:54:00,1970.15
B00394,F00430,P00394,First,2025-04-29 13:55:00,695.09
B00395,F00340,P00395,First,2025-04-29 13:56:00,1182.53
B00396,F00791,P00396,Economy,2025-04-29 13:57:00,355.69
B00397,F00655,P00397,First,2025-04-29 13:58:00,199.65
B00398,F00890,P00398,First,2025-04-29 13:59:00,1840.22
B00399,F00545,P00399,Economy,2025-04-29 14:00:00,1223.36
B00400,F00236,P00400,First,2025-04-29 14:01:00,602.24
B00401,F00862,P00401,Business,2025-04-29 14:02:00,1641.19
B00402,F00065,P00402,Economy,2025-04-29 14:03:00,1714.3
B00403,F00306,P00403,First,2025-04-29 14:04:00,1482.41
B00404,F00881,P00404,Economy,2025-04-29 14:05:00,523.68
B00405,F00547,P00405,Business,2025-04-29 14:06:00,1080.38
B00406,F00513,P00406,First,2025-04-29 14:07:00,712.32
B00407,F00243,P00407,First,2025-04-29 14:08:00,1150.28
B00408,F00348,P00408,First,2025-04-29 14:09:00,1664.53
B00409,F00946,P00409,Economy,2025-04-29 14:10:00,363.39
B00410,F00845,P00410,Business,2025-04-29 14:11:00,950.55
B00411,F00986,P00411,First,2025-04-29 14:12:00,816.29
B00412,F00740,P00412,Economy,2025-04-29 14:13:00,1985.41
B00413,F00311,P00413,First,2025-04-29 14:14:00,1449.99
B00414,F00245,P00414,Business,2025-04-29 14:15:00,253.45
B00415,F00883,P00415,Business,2025-04-29 14:16:00,1515.9
B00416,F00523,P00416,Economy,2025-04-29 14:17:00,1885.68
B00417,F00444,P00417,Economy,2025-04-29 14:18:00,1953.97
B00418,F00278,P00418,First,2025-04-29 14:19:00,813.52
B00419,F00299,P00419,Business,2025-04-29 14:20:00,723.09
B00420,F00806,P00420,Business,2025-04-29 14:21:00,725.56
B00421,F00389,P00421,Economy,2025-04-29 14:22:00,1308.58
B00422,F00330,P00422,First,2025-04-29 14:23:00,925.43
B00423,F00761,P00423,Business,2025-04-29 14:24:00,1783.6
B00424,F00327,P00424,First,2025-04-29 14:25:00,1640.39
B00425,F00861,P00425,Business,2025-04-29 14:26:00,1928.24
B00426,F00850,P00426,Economy,2025-04-29 14:27:00,1295.38
B00427,F00212,P00427,Business,2025-04-29 14:28:00,133.06
B00428,F00863,P00428,Business,2025-04-29 14:29:00,1539.95
B00429,F00097,P00429,Business,2025-04-29 14:30:00,1627.51
B00430,F00310,P00430,Business,2025-04-29 14:31:00,904.93
B00431,F00306,P00431,Business,2025-04-29 14:32:00,697.94
B00432,F00199,P00432,Business,2025-04-29 14:33:00,1915.86
B00433,F00104,P00433,Business,2025-04-29 14:34:00,539.33
B00434,F00248,P00434,First,2025-04-29 14:35:00,344.58
B00435,F00418,P00435,Business,2025-04-29 14:36:00,690.92
B00436,F00965,P00436,Economy,2025-04-29 14:37:00,187.92
B00437,F00546,P00437,Economy,2025-04-29 14:38:00,1928.68
B00438,F00167,P00438,Business,2025-04-29 14:39:00,938.36
B00439,F00323,P00439,Business,2025-04-29 14:40:00,379.38
B00440,F00217,P00440,Economy,2025-04-29 14:41:00,1053.39
B00441,F00428,P00441,Economy,2025-04-29 14:42:00,837.08
B00442,F00812,P00442,Business,2025-04-29 14:43:00,1257.67
B00443,F00475,P00443,Economy,2025-04-29 14:44:00,1253.92
B00444,F00887,P00444,Business,2025-04-29 14:45:00,1658.42
B00445,F00868,P00445,Business,2025-04-29 14:46:00,1810.45
B00446,F00250,P00446,Economy,2025-04-29 14:47:00,1308.3
B00447,F00281,P00447,First,2025-04-29 14:48:00,1139.5
B00448,F00535,P00448,Business,2025-04-29 14:49:00,721.69
B00449,F00960,P00449,Economy,2025-04-29 14:50:00,526.7
B00450,F00373,P00450,First,2025-04-29 14:51:00,1669.06
B00451,F00401,P00451,First,2025-04-29 14:52:00,139.79
B00452,F00883,P00452,First,2025-04-29 14:53:00,1262.87
B00453,F00067,P00453,First,2025-04-29 14:54:00,1414.37
B00454,F00599,P00454,First,2025-04-29 14:55:00,516.51
B00455,F00974,P00455,First,2025-04-29 14:56:00,536.26
B00456,F00487,P00456,Business,2025-04-29 14:57:00,1642.64
B00457,F00450,P00457,Business,2025-04-29 14:58:00,1714.66
B00458,F00695,P00458,Economy,2025-04-29 14:59:00,888.36
B00459,F00099,P00459,Economy,2025-04-29 15:00:00,1231.3
B00460,F00170,P00460,Economy,2025-04-29 15:01:00,1055.68
B00461,F00654,P00461,First,2025-04-29 15:02:00,1737.99
B00462,F00123,P00462,Business,2025-04-29 15:03:00,432.7
B00463,F00827,P00463,Economy,2025-04-29 15:04:00,377.3
B00464,F00536,P00464,Economy,2025-04-29 15:05:00,195.6
B00465,F00830,P00465,Business,2025-04-29 15:06:00,558.63
B00466,F00273,P00466,Economy,2025-04-29 15:07:00,1956.2
B00467,F00271,P00467,Economy,2025-04-29 15:08:00,285.03
B00468,F00008,P00468,Economy,2025-04-29 15:09:00,1213.37
B00469,F00399,P00469,Economy,2025-04-29 15:10:00,552.93
B00470,F00402,P00470,First,2025-04-29 15:11:00,318.86
B00471,F00203,P00471,First,2025-04-29 15:12:00,220.81
B00472,F00025,P00472,Business,2025-04-29 15:13:00,178.58
B00473,F00618,P00473,First,2025-04-29 15:14:00,570.69
B00474,F00166,P00474,Business,2025-04-29 15:15:00,512.8
B00475,F00805,P00475,Business,2025-04-29 15:16:00,873.25
B00476,F00061,P00476,Economy,2025-04-29 15:17:00,1832.83
B00477,F00425,P00477,Economy,2025-04-29 15:18:00,255.77
B00478,F00435,P00478,First,2025-04-29 15:19:00,1219.73
B00479,F00341,P00479,First,2025-04-29 15:20:00,698.15
B00480,F00916,P00480,Business,2025-04-29 15:21:00,1609.14
B00481,F00437,P00481,Economy,2025-04-29 15:22:00,332.9
B00482,F00823,P00482,Economy,2025-04-29 15:23:00,719.26
B00483,F00738,P00483,Business,2025-04-29 15:24:00,242.17
B00484,F00388,P00484,First,2025-04-29 15:25:00,192.37
B00485,F00041,P00485,First,2025-04-29 15:26:00,665.69
B00486,F00273,P00486,Economy,2025-04-29 15:27:00,168.55
B00487,F00946,P00487,Economy,2025-04-29 15:28:00,1779.33
B00488,F00484,P00488,Business,2025-04-29 15:29:00,304.45
B00489,F00677,P00489,Business,2025-04-29 15:30:00,1910.55
B00490,F00975,P00490,First,2025-04-29 15:31:00,640.63
B00491,F00586,P00491,Business,2025-04-29 15:32:00,962.56
B00492,F00604,P00492,Economy,2025-04-29 15:33:00,909.39
B00493,F00014,P00493,First,2025-04-29 15:34:00,460.17
B00494,F00929,P00494,First,2025-04-29 15:35:00,1965.57
B00495,F00088,P00495,Economy,2025-04-29 15:36:00,563.36
B00496,F00036,P00496,First,2025-04-29 15:37:00,333.07
B00497,F00154,P00497,First,2025-04-29 15:38:00,402.16
B00498,F00984,P00498,Business,2025-04-29 15:39:00,1220.75
B00499,F00631,P00499,Business,2025-04-29 15:40:00,1080.92
B00500,F00572,P00500,Economy,2025-04-29 15:41:00,1768.96
B00501,F00242,P00501,Economy,2025-04-29 15:42:00,1419.63
B00502,F00168,P00502,Business,2025-04-29 15:43:00,1826.81
B00503,F00921,P00503,Business,2025-04-29 15:44:00,1549.53
B00504,F00880,P00504,First,2025-04-29 15:45:00,1457.94
B00505,F00742,P00505,Business,2025-04-29 15:46:00,1898.76
B00506,F00340,P00506,Business,2025-04-29 15:47:00,278.23
B00507,F00435,P00507,Business,2025-04-29 15:48:00,1013.78
B00508,F00143,P00508,Business,2025-04-29 15:49:00,493.17
B00509,F00517,P00509,Business,2025-04-29 15:50:00,723.7
B00510,F00298,P00510,Economy,2025-04-29 15:51:00,196.83
B00511,F00956,P00511,First,2025-04-29 15:52:00,1058.17
B00512,F00768,P00512,Business,2025-04-29 15:53:00,585.53
B00513,F00944,P00513,Economy,2025-04-29 15:54:00,344.0
B00514,F00498,P00514,Business,2025-04-29 15:55:00,729.3
B00515,F00252,P00515,Business,2025-04-29 15:56:00,325.36
B00516,F00653,P00516,First,2025-04-29 15:57:00,1754.11
B00517,F00076,P00517,Business,2025-04-29 15:58:00,1420.13
B00518,F00275,P00518,Business,2025-04-29 15:59:00,1492.27
B00519,F00150,P00519,Economy,2025-04-29 16:00:00,1998.12
B00520,F00635,P00520,Business,2025-04-29 16:01:00,1861.53
B00521,F00198,P00521,Business,2025-04-29 16:02:00,669.19
B00522,F00252,P00522,Business,2025-04-29 16:03:00,1255.28
B00523,F00137,P00523,First,2025-04-29 16:04:00,1040.13
B00524,F00013,P00524,Economy,2025-04-29 16:05:00,683.54
B00525,F00916,P00525,Business,2025-04-29 16:06:00,202.39
B00526,F00734,P00526,Business,2025-04-29 16:07:00,132.52
B00527,F00028,P00527,Business,2025-04-29 16:08:00,1467.41
B00528,F00452,P00528,First,2025-04-29 16:09:00,332.33
B00529,F00282,P00529,First,2025-04-29 16:10:00,161.89
B00530,F00308,P00530,Business,2025-04-29 16:11:00,575.3
B00531,F00745,P00531,Economy,2025-04-29 16:12:00,327.38
B00532,F00538,P00532,Economy,2025-04-29 16:13:00,1085.94
B00533,F00020,P00533,First,2025-04-29 16:14:00,1866.1
B00534,F00390,P00534,First,2025-04-29 16:15:00,462.12
B00535,F00477,P00535,Business,2025-04-29 16:16:00,661.07
B00536,F00826,P00536,First,2025-04-29 16:17:00,659.89
B00537,F00630,P00537,Business,2025-04-29 16:18:00,1702.71
B00538,F00993,P00538,First,2025-04-29 16:19:00,1799.55
B00539,F00789,P00539,Business,2025-04-29 16:20:00,1008.65
B00540,F00667,P00540,Business,2025-04-29 16:21:00,1936.76
B00541,F00171,P00541,First,2025-04-29 16:22:00,1187.57
B00542,F00039,P00542,First,2025-04-29 16:23:00,894.95
B00543,F00171,P00543,Business,2025-04-29 16:24:00,487.24
B00544,F00669,P00544,Economy,2025-04-29 16:25:00,1685.29
B00545,F00880,P00545,Business,2025-04-29 16:26:00,1440.86
B00546,F00009,P00546,First,2025-04-29 16:27:00,795.67
B00547,F00534,P00547,Business,2025-04-29 16:28:00,415.48
B00548,F00409,P00548,First,2025-04-29 16:29:00,1595.11
B00549,F00362,P00549,Business,2025-04-29 16:30:00,163.55
B00550,F00093,P00550,First,2025-04-29 16:31:00,926.75
B00551,F00884,P00551,Economy,2025-04-29 16:32:00,876.53
B00552,F00320,P00552,Business,2025-04-29 16:33:00,744.57
B00553,F00026,P00553,First,2025-04-29 16:34:00,345.31
B00554,F00975,P00554,Business,2025-04-29 16:35:00,266.15
B00555,F00694,P00555,First,2025-04-29 16:36:00,212.37
B00556,F00897,P00556,Economy,2025-04-29 16:37:00,1872.4
B00557,F00473,P00557,Business,2025-04-29 16:38:00,345.89
B00558,F00737,P00558,Economy,2025-04-29 16:39:00,226.83
B00559,F00521,P00559,First,2025-04-29 16:40:00,308.88
B00560,F00237,P00560,Business,2025-04-29 16:41:00,1474.41
B00561,F00265,P00561,First,2025-04-29 16:42:00,326.25
B00562,F00386,P00562,First,2025-04-29 16:43:00,816.48
B00563,F00060,P00563,Business,2025-04-29 16:44:00,1901.81
B00564,F00443,P00564,Economy,2025-04-29 16:45:00,1266.89
B00565,F00880,P00565,First,2025-04-29 16:46:00,157.78
B00566,F00461,P00566,First,2025-04-29 16:47:00,294.62
B00567,F00981,P00567,Economy,2025-04-29 16:48:00,1253.6
B00568,F00500,P00568,Business,2025-04-29 16:49:00,1256.46
B00569,F00169,P00569,First,2025-04-29 16:50:00,1168.7
B00570,F00854,P00570,First,2025-04-29 16:51:00,1632.15
B00571,F00221,P00571,Economy,2025-04-29 16:52:00,413.21
B00572,F00646,P00572,First,2025-04-29 16:53:00,1188.1
B00573,F00112,P00573,First,2025-04-29 16:54:00,602.07
B00574,F00880,P00574,Economy,2025-04-29 16:55:00,652.45
B00575,F00555,P00575,First,2025-04-29 16:56:00,1231.19
B00576,F00528,P00576,Economy,2025-04-29 16:57:00,1693.93
B00577,F00096,P00577,First,2025-04-29 16:58:00,444.23
B00578,F00536,P00578,Business,2025-04-29 16:59:00,1706.64
B00579,F00222,P00579,Economy,2025-04-29 17:00:00,1237.19
B00580,F00643,P00580,First,2025-04-29 17:01:00,1815.92
B00581,F00788,P00581,Economy,2025-04-29 17:02:00,299.95
B00582,F00729,P00582,Business,2025-04-29 17:03:00,326.78
B00583,F00869,P00583,Business,2025-04-29 17:04:00,375.37
B00584,F00752,P00584,Business,2025-04-29 17:05:00,396.13
B00585,F00868,P00585,Economy,2025-04-29 17:06:00,1244.01
B00586,F00572,P00586,Business,2025-04-29 17:07:00,664.29
B00587,F00945,P00587,First,2025-04-29 17:08:00,325.55
B00588,F00409,P00588,First,2025-04-29 17:09:00,590.07
B00589,F00329,P00589,Economy,2025-04-29 17:10:00,1022.16
B00590,F00283,P00590,First,2025-04-29 17:11:00,1631.73
B00591,F00236,P00591,First,2025-04-29 17:12:00,522.81
B00592,F00755,P00592,Economy,2025-04-29 17:13:00,1779.78
B00593,F00611,P00593,First,2025-04-29 17:14:00,1249.43
B00594,F00060,P00594,First,2025-04-29 17:15:00,929.62
B00595,F00326,P00595,First,2025-04-29 17:16:00,966.71
B00596,F00980,P00596,First,2025-04-29 17:17:00,1938.96
B00597,F00690,P00597,Business,2025-04-29 17:18:00,516.47
B00598,F00285,P00598,Business,2025-04-29 17:19:00,1132.2
B00599,F00918,P00599,Business,2025-04-29 17:20:00,301.17
B00600,F00088,P00600,Business,2025-04-29 17:21:00,844.93
B00601,F00908,P00601,First,2025-04-29 17:22:00,331.93
B00602,F00723,P00602,First,2025-04-29 17:23:00,791.44
B00603,F00980,P00603,First,2025-04-29 17:24:00,1298.95
B00604,F00819,P00604,First,2025-04-29 17:25:00,1339.41
B00605,F00615,P00605,Economy,2025-04-29 17:26:00,560.51
B00606,F00599,P00606,Business,2025-04-29 17:27:00,1352.3
B00607,F00855,P00607,Economy,2025-04-29 17:28:00,1496.2
B00608,F00821,P00608,Economy,2025-04-29 17:29:00,1050.92
B00609,F00189,P00609,Economy,2025-04-29 17:30:00,229.93
B00610,F00110,P00610,Business,2025-04-29 17:31:00,1462.75
B00611,F00470,P00611,First,2025-04-29 17:32:00,778.19
B00612,F00795,P00612,Economy,2025-04-29 17:33:00,1465.4
B00613,F00023,P00613,Economy,2025-04-29 17:34:00,725.92
B00614,F00489,P00614,Business,2025-04-29 17:35:00,307.06
B00615,F00362,P00615,Business,2025-04-29 17:36:00,1747.21
B00616,F00256,P00616,Economy,2025-04-29 17:37:00,1811.02
B00617,F00445,P00617,First,2025-04-29 17:38:00,922.29
B00618,F00925,P00618,First,2025-04-29 17:39:00,681.71
B00619,F00177,P00619,Business,2025-04-29 17:40:00,839.74
B00620,F00038,P00620,Economy,2025-04-29 17:41:00,1255.7
B00621,F00730,P00621,Economy,2025-04-29 17:42:00,628.93
B00622,F00539,P00622,Business,2025-04-29 17:43:00,1200.97
B00623,F00180,P00623,Economy,2025-04-29 17:44:00,1293.77
B00624,F00872,P00624,Economy,2025-04-29 17:45:00,131.56
B00625,F00164,P00625,First,2025-04-29 17:46:00,428.6
B00626,F00440,P00626,First,2025-04-29 17:47:00,703.26
B00627,F00767,P00627,Economy,2025-04-29 17:48:00,1254.62
B00628,F00730,P00628,Business,2025-04-29 17:49:00,1106.69
B00629,F00931,P00629,Economy,2025-04-29 17:50:00,1688.45
B00630,F00721,P00630,Business,2025-04-29 17:51:00,1956.16
B00631,F00947,P00631,First,2025-04-29 17:52:00,485.17
B00632,F00789,P00632,Business,2025-04-29 17:53:00,215.37
B00633,F00887,P00633,First,2025-04-29 17:54:00,1560.53
B00634,F00749,P00634,Economy,2025-04-29 17:55:00,1056.59
B00635,F00203,P00635,First,2025-04-29 17:56:00,1962.0
B00636,F00307,P00636,Economy,2025-04-29 17:57:00,1348.44
B00637,F00619,P00637,First,2025-04-29 17:58:00,1991.85
B00638,F00973,P00638,Business,2025-04-29 17:59:00,1240.49
B00639,F00544,P00639,Economy,2025-04-29 18:00:00,1183.48
B00640,F00592,P00640,Economy,2025-04-29 18:01:00,1677.81
B00641,F00052,P00641,Economy,2025-04-29 18:02:00,1242.61
B00642,F00055,P00642,Business,2025-04-29 18:03:00,309.46
B00643,F00235,P00643,Economy,2025-04-29 18:04:00,430.26
B00644,F00024,P00644,Business,2025-04-29 18:05:00,425.6
B00645,F00586,P00645,Business,2025-04-29 18:06:00,1349.36
B00646,F00787,P00646,Business,2025-04-29 18:07:00,1544.18
B00647,F00879,P00647,Business,2025-04-29 18:08:00,1519.91
B00648,F00684,P00648,Business,2025-04-29 18:09:00,868.95
B00649,F00773,P00649,Business,2025-04-29 18:10:00,364.52
B00650,F00378,P00650,Economy,2025-04-29 18:11:00,1192.78
B00651,F00831,P00651,First,2025-04-29 18:12:00,1792.35
B00652,F00263,P00652,First,2025-04-29 18:13:00,926.76
B00653,F00465,P00653,Business,2025-04-29 18:14:00,1525.53
B00654,F00831,P00654,First,2025-04-29 18:15:00,1272.76
B00655,F00976,P00655,First,2025-04-29 18:16:00,1045.77
B00656,F00742,P00656,Economy,2025-04-29 18:17:00,1094.54
B00657,F00626,P00657,First,2025-04-29 18:18:00,639.9
B00658,F00288,P00658,Business,2025-04-29 18:19:00,485.79
B00659,F00285,P00659,Business,2025-04-29 18:20:00,1532.23
B00660,F00537,P00660,Business,2025-04-29 18:21:00,1383.32
B00661,F00338,P00661,Economy,2025-04-29 18:22:00,684.25
B00662,F00383,P00662,First,2025-04-29 18:23:00,872.4
B00663,F00133,P00663,Economy,2025-04-29 18:24:00,1527.79
B00664,F00068,P00664,First,2025-04-29 18:25:00,1491.17
B00665,F00658,P00665,Business,2025-04-29 18:26:00,1861.7
B00666,F00451,P00666,First,2025-04-29 18:27:00,1474.71
B00667,F00549,P00667,First,2025-04-29 18:28:00,1481.04
B00668,F00116,P00668,Business,2025-04-29 18:29:00,826.89
B00669,F00843,P00669,First,2025-04-29 18:30:00,499.45
B00670,F00750,P00670,Business,2025-04-29 18:31:00,1889.69
B00671,F00099,P00671,Business,2025-04-29 18:32:00,115.24
B00672,F00157,P00672,First,2025-04-29 18:33:00,294.08
B00673,F00168,P00673,Economy,2025-04-29 18:34:00,1056.87
B00674,F00346,P00674,First,2025-04-29 18:35:00,1311.59
B00675,F00424,P00675,Economy,2025-04-29 18:36:00,1334.33
B00676,F00222,P00676,Economy,2025-04-29 18:37:00,309.54
B00677,F00551,P00677,Economy,2025-04-29 18:38:00,738.62
B00678,F00257,P00678,Economy,2025-04-29 18:39:00,517.3
B00679,F00741,P00679,Business,2025-04-29 18:40:00,734.8
B00680,F00360,P00680,Economy,2025-04-29 18:41:00,1446.46
B00681,F00641,P00681,First,2025-04-29 18:42:00,801.97
B00682,F00362,P00682,First,2025-04-29 18:43:00,693.78
B00683,F00260,P00683,Economy,2025-04-29 18:44:00,259.75
B00684,F00519,P00684,First,2025-04-29 18:45:00,750.82
B00685,F00895,P00685,First,2025-04-29 18:46:00,1623.5
B00686,F00757,P00686,Business,2025-04-29 18:47:00,1676.82
B00687,F00011,P00687,First,2025-04-29 18:48:00,1313.55
B00688,F00532,P00688,Business,2025-04-29 18:49:00,1310.52
B00689,F00823,P00689,First,2025-04-29 18:50:00,1776.37
B00690,F00912,P00690,Business,2025-04-29 18:51:00,883.96
B00691,F00953,P00691,First,2025-04-29 18:52:00,852.66
B00692,F00064,P00692,Economy,2025-04-29 18:53:00,1257.08
B00693,F00964,P00693,First,2025-04-29 18:54:00,536.77
B00694,F00672,P00694,First,2025-04-29 18:55:00,1923.9
B00695,F00430,P00695,First,2025-04-29 18:56:00,950.97
B00696,F00677,P00696,First,2025-04-29 18:57:00,1791.79
B00697,F00954,P00697,First,2025-04-29 18:58:00,1615.07
B00698,F00113,P00698,First,2025-04-29 18:59:00,1868.56
B00699,F00589,P00699,Business,2025-04-29 19:00:00,1898.6
B00700,F00845,P00700,Economy,2025-04-29 19:01:00,189.79
B00701,F00727,P00701,Economy,2025-04-29 19:02:00,554.08
B00702,F00430,P00702,First,2025-04-29 19:03:00,733.53
B00703,F00470,P00703,Business,2025-04-29 19:04:00,1351.74
B00704,F00809,P00704,Economy,2025-04-29 19:05:00,321.71
B00705,F00075,P00705,Business,2025-04-29 19:06:00,1420.02
B00706,F00765,P00706,First,2025-04-29 19:07:00,1310.8
B00707,F00102,P00707,Business,2025-04-29 19:08:00,619.63
B00708,F00739,P00708,First,2025-04-29 19:09:00,1887.39
B00709,F00466,P00709,First,2025-04-29 19:10:00,511.07
B00710,F00856,P00710,First,2025-04-29 19:11:00,733.59
B00711,F00642,P00711,Economy,2025-04-29 19:12:00,302.15
B00712,F00150,P00712,Economy,2025-04-29 19:13:00,1032.12
B00713,F00391,P00713,Economy,2025-04-29 19:14:00,679.71
B00714,F00752,P00714,Business,2025-04-29 19:15:00,1609.86
B00715,F00189,P00715,Business,2025-04-29 19:16:00,790.5
B00716,F00418,P00716,First,2025-04-29 19:17:00,1201.48
B00717,F00888,P00717,Business,2025-04-29 19:18:00,452.36
B00718,F00574,P00718,First,2025-04-29 19:19:00,1571.58
B00719,F00981,P00719,Economy,2025-04-29 19:20:00,339.29
B00720,F00034,P00720,Business,2025-04-29 19:21:00,617.09
B00721,F00352,P00721,Business,2025-04-29 19:22:00,1704.94
B00722,F00435,P00722,Economy,2025-04-29 19:23:00,1224.71
B00723,F00285,P00723,First,2025-04-29 19:24:00,1730.21
B00724,F00289,P00724,First,2025-04-29 19:25:00,1728.99
B00725,F00144,P00725,First,2025-04-29 19:26:00,1988.17
B00726,F00085,P00726,First,2025-04-29 19:27:00,1993.82
B00727,F00997,P00727,First,2025-04-29 19:28:00,1437.77
B00728,F00649,P00728,Business,2025-04-29 19:29:00,998.68
B00729,F00580,P00729,First,2025-04-29 19:30:00,1963.66
B00730,F00454,P00730,First,2025-04-29 19:31:00,567.16
B00731,F00559,P00731,Business,2025-04-29 19:32:00,619.88
B00732,F00941,P00732,Business,2025-04-29 19:33:00,614.71
B00733,F00321,P00733,Economy,2025-04-29 19:34:00,1695.64
B00734,F00935,P00734,First,2025-04-29 19:35:00,1531.92
B00735,F00819,P00735,Economy,2025-04-29 19:36:00,432.06
B00736,F00609,P00736,Business,2025-04-29 19:37:00,512.73
B00737,F00193,P00737,Business,2025-04-29 19:38:00,653.74
B00738,F00573,P00738,Business,2025-04-29 19:39:00,834.56
B00739,F00681,P00739,Economy,2025-04-29 19:40:00,743.8
B00740,F00815,P00740,First,2025-04-29 19:41:00,1487.96
B00741,F00686,P00741,Business,2025-04-29 19:42:00,1374.46
B00742,F00674,P00742,Economy,2025-04-29 19:43:00,1866.21
B00743,F00958,P00743,Economy,2025-04-29 19:44:00,1712.29
B00744,F00045,P00744,Business,2025-04-29 19:45:00,562.49
B00745,F00853,P00745,Economy,2025-04-29 19:46:00,969.4
B00746,F00225,P00746,Business,2025-04-29 19:47:00,1205.74
B00747,F00455,P00747,First,2025-04-29 19:48:00,1537.32
B00748,F00755,P00748,Business,2025-04-29 19:49:00,168.33
B00749,F00740,P00749,First,2025-04-29 19:50:00,1600.47
B00750,F00644,P00750,First,2025-04-29 19:51:00,1421.15
B00751,F00519,P00751,Economy,2025-04-29 19:52:00,799.11
B00752,F00418,P00752,Economy,2025-04-29 19:53:00,642.92
B00753,F00139,P00753,First,2025-04-29 19:54:00,1535.51
B00754,F00567,P00754,Economy,2025-04-29 19:55:00,691.05
B00755,F00552,P00755,First,2025-04-29 19:56:00,1292.84
B00756,F00034,P00756,Economy,2025-04-29 19:57:00,1661.58
B00757,F00736,P00757,First,2025-04-29 19:58:00,439.93
B00758,F00201,P00758,First,2025-04-29 19:59:00,1921.86
B00759,F00949,P00759,First,2025-04-29 20:00:00,1199.84
B00760,F00290,P00760,Economy,2025-04-29 20:01:00,410.65
B00761,F00569,P00761,Business,2025-04-29 20:02:00,936.53
B00762,F00210,P00762,Economy,2025-04-29 20:03:00,1788.46
B00763,F00271,P00763,Economy,2025-04-29 20:04:00,328.62
B00764,F00056,P00764,First,2025-04-29 20:05:00,931.08
B00765,F00525,P00765,Business,2025-04-29 20:06:00,1431.5
B00766,F00375,P00766,Business,2025-04-29 20:07:00,1318.37
B00767,F00711,P00767,Business,2025-04-29 20:08:00,1557.88
B00768,F00748,P00768,Business,2025-04-29 20:09:00,167.02
B00769,F00291,P00769,Economy,2025-04-29 20:10:00,1377.69
B00770,F00393,P00770,Economy,2025-04-29 20:11:00,930.0
B00771,F00134,P00771,Business,2025-04-29 20:12:00,623.64
B00772,F00037,P00772,First,2025-04-29 20:13:00,1224.33
B00773,F00197,P00773,Business,2025-04-29 20:14:00,1008.47
B00774,F00639,P00774,First,2025-04-29 20:15:00,263.62
B00775,F00307,P00775,First,2025-04-29 20:16:00,1750.22
B00776,F00852,P00776,First,2025-04-29 20:17:00,771.63
B00777,F00211,P00777,First,2025-04-29 20:18:00,1901.74
B00778,F00458,P00778,Economy,2025-04-29 20:19:00,1664.91
B00779,F00301,P00779,First,2025-04-29 20:20:00,688.29
B00780,F00003,P00780,First,2025-04-29 20:21:00,998.91
B00781,F00043,P00781,First,2025-04-29 20:22:00,695.32
B00782,F00438,P00782,First,2025-04-29 20:23:00,1860.66
B00783,F00446,P00783,Business,2025-04-29 20:24:00,257.74
B00784,F00563,P00784,Business,2025-04-29 20:25:00,302.16
B00785,F00707,P00785,Economy,2025-04-29 20:26:00,244.29
B00786,F00969,P00786,Business,2025-04-29 20:27:00,567.92
B00787,F00010,P00787,First,2025-04-29 20:28:00,906.67
B00788,F00709,P00788,Business,2025-04-29 20:29:00,229.8
B00789,F00170,P00789,Economy,2025-04-29 20:30:00,1222.21
B00790,F00692,P00790,First,2025-04-29 20:31:00,1692.56
B00791,F00105,P00791,First,2025-04-29 20:32:00,143.04
B00792,F00375,P00792,First,2025-04-29 20:33:00,1128.36
B00793,F00429,P00793,First,2025-04-29 20:34:00,369.27
B00794,F00236,P00794,Business,2025-04-29 20:35:00,1611.55
B00795,F00895,P00795,Economy,2025-04-29 20:36:00,1348.17
B00796,F00783,P00796,First,2025-04-29 20:37:00,1703.01
B00797,F00275,P00797,Business,2025-04-29 20:38:00,1397.77
B00798,F00787,P00798,Economy,2025-04-29 20:39:00,416.69
B00799,F00411,P00799,First,2025-04-29 20:40:00,1407.82
B00800,F00512,P00800,Economy,2025-04-29 20:41:00,398.98
B00801,F00362,P00801,Business,2025-04-29 20:42:00,1013.62
B00802,F00578,P00802,First,2025-04-29 20:43:00,421.86
B00803,F00158,P00803,Economy,2025-04-29 20:44:00,794.5
B00804,F00741,P00804,Business,2025-04-29 20:45:00,965.66
B00805,F00093,P00805,Business,2025-04-29 20:46:00,1907.6
B00806,F00335,P00806,Economy,2025-04-29 20:47:00,389.38
B00807,F00220,P00807,Business,2025-04-29 20:48:00,1575.81
B00808,F00680,P00808,Business,2025-04-29 20:49:00,1753.13
B00809,F00042,P00809,First,2025-04-29 20:50:00,317.67
B00810,F00995,P00810,First,2025-04-29 20:51:00,692.63
B00811,F00402,P00811,First,2025-04-29 20:52:00,621.36
B00812,F00895,P00812,Economy,2025-04-29 20:53:00,430.68
B00813,F00777,P00813,Business,2025-04-29 20:54:00,1367.6
B00814,F00384,P00814,Business,2025-04-29 20:55:00,1836.95
B00815,F00285,P00815,First,2025-04-29 20:56:00,493.97
B00816,F00337,P00816,Business,2025-04-29 20:57:00,997.17
B00817,F00199,P00817,Economy,2025-04-29 20:58:00,1158.25
B00818,F00516,P00818,Business,2025-04-29 20:59:00,612.06
B00819,F00732,P00819,Business,2025-04-29 21:00:00,1576.42
B00820,F00774,P00820,First,2025-04-29 21:01:00,860.01
B00821,F00242,P00821,First,2025-04-29 21:02:00,313.04
B00822,F00581,P00822,First,2025-04-29 21:03:00,802.48
B00823,F00600,P00823,Business,2025-04-29 21:04:00,1149.2
B00824,F00581,P00824,Business,2025-04-29 21:05:00,648.34
B00825,F00037,P00825,Business,2025-04-29 21:06:00,251.41
B00826,F00800,P00826,Business,2025-04-29 21:07:00,1424.24
B00827,F00503,P00827,Economy,2025-04-29 21:08:00,649.79
B00828,F00803,P00828,Economy,2025-04-29 21:09:00,139.38
B00829,F00252,P00829,Business,2025-04-29 21:10:00,1634.15
B00830,F00210,P00830,Economy,2025-04-29 21:11:00,308.48
B00831,F00287,P00831,Economy,2025-04-29 21:12:00,737.07
B00832,F00164,P00832,Economy,2025-04-29 21:13:00,371.38
B00833,F00889,P00833,Business,2025-04-29 21:14:00,1970.99
B00834,F00188,P00834,Economy,2025-04-29 21:15:00,295.64
B00835,F00462,P00835,Economy,2025-04-29 21:16:00,1604.46
B00836,F00237,P00836,Economy,2025-04-29 21:17:00,1714.92
B00837,F00044,P00837,Economy,2025-04-29 21:18:00,990.38
B00838,F00080,P00838,First,2025-04-29 21:19:00,683.8
B00839,F00237,P00839,Economy,2025-04-29 21:20:00,366.29
B00840,F00405,P00840,First,2025-04-29 21:21:00,583.34
B00841,F00406,P00841,First,2025-04-29 21:22:00,787.19
B00842,F00432,P00842,Economy,2025-04-29 21:23:00,895.52
B00843,F00645,P00843,First,2025-04-29 21:24:00,1198.52
B00844,F00768,P00844,Economy,2025-04-29 21:25:00,1081.95
B00845,F00028,P00845,Business,2025-04-29 21:26:00,1197.03
B00846,F00149,P00846,Economy,2025-04-29 21:27:00,1016.71
B00847,F00629,P00847,First,2025-04-29 21:28:00,552.61
B00848,F00295,P00848,Economy,2025-04-29 21:29:00,1294.36
B00849,F00727,P00849,Economy,2025-04-29 21:30:00,1367.17
B00850,F00827,P00850,Business,2025-04-29 21:31:00,644.77
B00851,F00912,P00851,Economy,2025-04-29 21:32:00,285.14
B00852,F00315,P00852,Economy,2025-04-29 21:33:00,445.87
B00853,F00671,P00853,Business,2025-04-29 21:34:00,577.3
B00854,F00045,P00854,Business,2025-04-29 21:35:00,1584.35
B00855,F00580,P00855,First,2025-04-29 21:36:00,634.74
B00856,F00208,P00856,Economy,2025-04-29 21:37:00,301.56
B00857,F00305,P00857,First,2025-04-29 21:38:00,311.86
B00858,F00497,P00858,Business,2025-04-29 21:39:00,474.04
B00859,F00391,P00859,Economy,2025-04-29 21:40:00,224.36
B00860,F00115,P00860,Economy,2025-04-29 21:41:00,1408.29
B00861,F00627,P00861,Economy,2025-04-29 21:42:00,1106.86
B00862,F00689,P00862,Economy,2025-04-29 21:43:00,185.46
B00863,F00822,P00863,First,2025-04-29 21:44:00,1245.03
B00864,F00705,P00864,Economy,2025-04-29 21:45:00,1023.77
B00865,F00357,P00865,Economy,2025-04-29 21:46:00,1803.61
B00866,F00091,P00866,First,2025-04-29 21:47:00,423.83
B00867,F00681,P00867,First,2025-04-29 21:48:00,1400.64
B00868,F00468,P00868,Economy,2025-04-29 21:49:00,470.49
B00869,F00372,P00869,First,2025-04-29 21:50:00,1236.21
B00870,F00229,P00870,Economy,2025-04-29 21:51:00,1906.76
B00871,F00633,P00871,Economy,2025-04-29 21:52:00,1672.37
B00872,F00595,P00872,Economy,2025-04-29 21:53:00,1841.58
B00873,F00045,P00873,Business,2025-04-29 21:54:00,102.19
B00874,F00813,P00874,Business,2025-04-29 21:55:00,1762.76
B00875,F00103,P00875,First,2025-04-29 21:56:00,1477.14
B00876,F00366,P00876,First,2025-04-29 21:57:00,194.34
B00877,F00674,P00877,Economy,2025-04-29 21:58:00,1861.66
B00878,F00472,P00878,Business,2025-04-29 21:59:00,273.94
B00879,F00878,P00879,First,2025-04-29 22:00:00,473.39
B00880,F00195,P00880,Business,2025-04-29 22:01:00,776.81
B00881,F00317,P00881,First,2025-04-29 22:02:00,1806.45
B00882,F00296,P00882,First,2025-04-29 22:03:00,910.59
B00883,F00758,P00883,First,2025-04-29 22:04:00,1744.01
B00884,F00101,P00884,Economy,2025-04-29 22:05:00,557.04
B00885,F00790,P00885,Business,2025-04-29 22:06:00,1437.05
B00886,F00003,P00886,Business,2025-04-29 22:07:00,1860.62
B00887,F00069,P00887,Economy,2025-04-29 22:08:00,1155.49
B00888,F00878,P00888,First,2025-04-29 22:09:00,1849.61
B00889,F00686,P00889,First,2025-04-29 22:10:00,962.58
B00890,F00617,P00890,Business,2025-04-29 22:11:00,482.71
B00891,F00445,P00891,Economy,2025-04-29 22:12:00,1697.39
B00892,F00892,P00892,Business,2025-04-29 22:13:00,1107.15
B00893,F00205,P00893,First,2025-04-29 22:14:00,1273.99
B00894,F00507,P00894,Economy,2025-04-29 22:15:00,911.81
B00895,F00209,P00895,Economy,2025-04-29 22:16:00,1453.99
B00896,F00500,P00896,Economy,2025-04-29 22:17:00,1890.58
B00897,F00841,P00897,First,2025-04-29 22:18:00,873.31
B00898,F00571,P00898,First,2025-04-29 22:19:00,1680.98
B00899,F00693,P00899,Business,2025-04-29 22:20:00,1078.95
B00900,F00746,P00900,Business,2025-04-29 22:21:00,1908.87
B00901,F00415,P00901,Business,2025-04-29 22:22:00,1814.33
B00902,F00531,P00902,Economy,2025-04-29 22:23:00,246.07
B00903,F00484,P00903,First,2025-04-29 22:24:00,1191.18
B00904,F00964,P00904,Economy,2025-04-29 22:25:00,1678.74
B00905,F00164,P00905,First,2025-04-29 22:26:00,700.62
B00906,F00158,P00906,Economy,2025-04-29 22:27:00,1280.67
B00907,F00004,P00907,Business,2025-04-29 22:28:00,1263.71
B00908,F00537,P00908,Economy,2025-04-29 22:29:00,1801.62
B00909,F00465,P00909,Economy,2025-04-29 22:30:00,1658.95
B00910,F00075,P00910,Business,2025-04-29 22:31:00,1317.2
B00911,F00880,P00911,Economy,2025-04-29 22:32:00,902.65
B00912,F00422,P00912,Economy,2025-04-29 22:33:00,892.53
B00913,F00641,P00913,Economy,2025-04-29 22:34:00,492.72
B00914,F00899,P00914,Business,2025-04-29 22:35:00,874.01
B00915,F00712,P00915,Economy,2025-04-29 22:36:00,892.15
B00916,F00327,P00916,First,2025-04-29 22:37:00,1437.67
B00917,F00976,P00917,Economy,2025-04-29 22:38:00,526.67
B00918,F00750,P00918,Economy,2025-04-29 22:39:00,975.04
B00919,F00183,P00919,First,2025-04-29 22:40:00,119.52
B00920,F00082,P00920,Business,2025-04-29 22:41:00,1400.62
B00921,F00580,P00921,Business,2025-04-29 22:42:00,1004.47
B00922,F00786,P00922,Business,2025-04-29 22:43:00,167.94
B00923,F00987,P00923,First,2025-04-29 22:44:00,739.9
B00924,F00627,P00924,Business,2025-04-29 22:45:00,1583.45
B00925,F00348,P00925,Economy,2025-04-29 22:46:00,1997.76
B00926,F00466,P00926,Business,2025-04-29 22:47:00,1968.33
B00927,F00634,P00927,First,2025-04-29 22:48:00,1304.37
B00928,F00197,P00928,First,2025-04-29 22:49:00,1191.25
B00929,F00730,P00929,Economy,2025-04-29 22:50:00,1803.05
B00930,F00501,P00930,First,2025-04-29 22:51:00,1548.09
B00931,F00693,P00931,Business,2025-04-29 22:52:00,1749.38
B00932,F00814,P00932,Business,2025-04-29 22:53:00,1107.31
B00933,F00429,P00933,Business,2025-04-29 22:54:00,216.05
B00934,F00052,P00934,Business,2025-04-29 22:55:00,227.93
B00935,F00161,P00935,First,2025-04-29 22:56:00,661.61
B00936,F00256,P00936,Economy,2025-04-29 22:57:00,450.31
B00937,F00298,P00937,First,2025-04-29 22:58:00,619.05
B00938,F00551,P00938,Economy,2025-04-29 22:59:00,562.75
B00939,F00301,P00939,Economy,2025-04-29 23:00:00,266.46
B00940,F00864,P00940,First,2025-04-29 23:01:00,1889.37
B00941,F00684,P00941,First,2025-04-29 23:02:00,461.01
B00942,F00446,P00942,Business,2025-04-29 23:03:00,676.52
B00943,F00951,P00943,Business,2025-04-29 23:04:00,586.65
B00944,F00797,P00944,Economy,2025-04-29 23:05:00,1069.85
B00945,F00604,P00945,First,2025-04-29 23:06:00,1893.22
B00946,F00001,P00946,Business,2025-04-29 23:07:00,135.9
B00947,F00671,P00947,First,2025-04-29 23:08:00,346.45
B00948,F00993,P00948,Economy,2025-04-29 23:09:00,544.29
B00949,F00504,P00949,Business,2025-04-29 23:10:00,907.36
B00950,F00070,P00950,Economy,2025-04-29 23:11:00,1442.45
B00951,F00483,P00951,Economy,2025-04-29 23:12:00,1226.03
B00952,F00298,P00952,Economy,2025-04-29 23:13:00,1256.63
B00953,F00738,P00953,Business,2025-04-29 23:14:00,1729.16
B00954,F00478,P00954,First,2025-04-29 23:15:00,245.42
B00955,F00700,P00955,First,2025-04-29 23:16:00,1595.76
B00956,F00567,P00956,Business,2025-04-29 23:17:00,535.09
B00957,F00375,P00957,Economy,2025-04-29 23:18:00,1581.88
B00958,F00958,P00958,Business,2025-04-29 23:19:00,1879.59
B00959,F00491,P00959,Business,2025-04-29 23:20:00,1755.75
B00960,F00634,P00960,First,2025-04-29 23:21:00,1093.12
B00961,F00071,P00961,Economy,2025-04-29 23:22:00,1730.97
B00962,F00667,P00962,Economy,2025-04-29 23:23:00,1066.6
B00963,F00315,P00963,Economy,2025-04-29 23:24:00,1763.06
B00964,F00215,P00964,Business,2025-04-29 23:25:00,969.8
B00965,F00770,P00965,Economy,2025-04-29 23:26:00,811.72
B00966,F00943,P00966,First,2025-04-29 23:27:00,364.57
B00967,F00428,P00967,First,2025-04-29 23:28:00,680.6
B00968,F00474,P00968,Economy,2025-04-29 23:29:00,1783.33
B00969,F00360,P00969,Economy,2025-04-29 23:30:00,1365.1
B00970,F00453,P00970,Economy,2025-04-29 23:31:00,212.13
B00971,F00661,P00971,Economy,2025-04-29 23:32:00,865.44
B00972,F00148,P00972,Business,2025-04-29 23:33:00,920.41
B00973,F00796,P00973,First,2025-04-29 23:34:00,1834.67
B00974,F00706,P00974,First,2025-04-29 23:35:00,1216.45
B00975,F00493,P00975,Economy,2025-04-29 23:36:00,1588.86
B00976,F00909,P00976,First,2025-04-29 23:37:00,1657.9
B00977,F00369,P00977,Business,2025-04-29 23:38:00,174.25
B00978,F00065,P00978,Business,2025-04-29 23:39:00,1593.17
B00979,F00263,P00979,First,2025-04-29 23:40:00,1056.66
B00980,F00663,P00980,Economy,2025-04-29 23:41:00,1116.21
B00981,F00578,P00981,Economy,2025-04-29 23:42:00,795.19
B00982,F00214,P00982,Business,2025-04-29 23:43:00,1576.57
B00983,F00601,P00983,Business,2025-04-29 23:44:00,269.5
B00984,F00138,P00984,Business,2025-04-29 23:45:00,301.19
B00985,F00681,P00985,Economy,2025-04-29 23:46:00,1435.88
B00986,F00538,P00986,First,2025-04-29 23:47:00,1947.44
B00987,F00292,P00987,Economy,2025-04-29 23:48:00,1928.88
B00988,F00671,P00988,First,2025-04-29 23:49:00,837.91
B00989,F00083,P00989,First,2025-04-29 23:50:00,492.62
B00990,F00181,P00990,Economy,2025-04-29 23:51:00,877.34
B00991,F00747,P00991,First,2025-04-29 23:52:00,478.22
B00992,F00004,P00992,Economy,2025-04-29 23:53:00,1547.59
B00993,F00893,P00993,Business,2025-04-29 23:54:00,1454.78
B00994,F00572,P00994,First,2025-04-29 23:55:00,994.3
B00995,F00598,P00995,Economy,2025-04-29 23:56:00,880.02
B00996,F00747,P00996,Economy,2025-04-29 23:57:00,770.74
B00997,F00785,P00997,First,2025-04-29 23:58:00,1497.94
B00998,F00689,P00998,Business,2025-04-29 23:59:00,1470.92
B00999,F00707,P00999,First,2025-04-30 00:00:00,664.23
